dataset_name,loss,Accuaray,mean_squared_error,root_mean_squared_error,mean_absolute_error,r2_score,smape,pcc,Total Time (sec)
Fold 0,0.34579506516456604,0.944931149482727,0.027,0.163,0.064,0.721,180.897,0.856,17.072
Fold 1,0.37300238013267517,0.9624530673027039,0.024,0.154,0.048,0.761,179.258,0.881,25.598
Fold 2,0.25631314516067505,0.948685884475708,0.011,0.105,0.029,0.878,182.039,0.938,10.201
Fold 3,0.1017899140715599,0.9561952352523804,0.017,0.131,0.045,0.808,181.535,0.902,38.573
Fold 4,0.07514790445566177,0.9624999761581421,0.024,0.155,0.042,0.77,180.124,0.878,35.351
